plan_id,gateway_policy,year1_days,year2_days,max_year_days,year_day_difference,red_days,long_transfer_edges,time_window_violations,schedule_soft_feasible,schedule_strict_feasible,schedule_note
Q2V3_010_OPEN_GATEWAY,open_gateway,24,5,24,19,0,7,0,True,True,两年负担差异偏大
Q2V3_073_OPEN_GATEWAY,open_gateway,12,17,17,5,0,7,0,True,True,年度排程软硬约束均通过
Q2V3_085_OPEN_GATEWAY,open_gateway,15,16,16,1,1,9,1,True,False,存在长转场导致的时间窗压力；存在红色压力转场日
Q2V3_067_OPEN_GATEWAY,open_gateway,12,19,19,7,1,9,0,True,True,存在红色压力转场日
Q2V3_077_OPEN_GATEWAY,open_gateway,10,19,19,9,0,9,0,True,True,两年负担差异偏大
Q2V3_083_OPEN_GATEWAY,open_gateway,12,19,19,7,0,10,0,True,True,年度排程软硬约束均通过
Q2V3_069_OPEN_GATEWAY,open_gateway,16,15,16,1,0,8,0,True,True,年度排程软硬约束均通过
Q2V3_018_OPEN_GATEWAY,open_gateway,9,22,22,13,0,10,0,True,True,两年负担差异偏大
Q2V3_006_OPEN_GATEWAY,open_gateway,15,15,15,0,0,10,0,True,True,年度排程软硬约束均通过
Q2V3_002_OPEN_GATEWAY,open_gateway,15,15,15,0,0,10,0,True,True,年度排程软硬约束均通过
Q2V3_043_OPEN_GATEWAY,open_gateway,15,16,16,1,0,12,0,True,True,年度排程软硬约束均通过
Q2V3_012_OPEN_GATEWAY,open_gateway,15,15,15,0,0,10,0,True,True,年度排程软硬约束均通过
Q2V3_047_OPEN_GATEWAY,open_gateway,12,19,19,7,1,11,1,True,False,存在长转场导致的时间窗压力；存在红色压力转场日
Q2V3_063_OPEN_GATEWAY,open_gateway,13,18,18,5,0,9,0,True,True,年度排程软硬约束均通过
Q2V3_061_OPEN_GATEWAY,open_gateway,11,20,20,9,0,9,0,True,True,两年负担差异偏大
Q2V3_014_OPEN_GATEWAY,open_gateway,10,21,21,11,0,10,0,True,True,两年负担差异偏大
Q2V3_041_OPEN_GATEWAY,open_gateway,18,13,18,5,0,10,0,True,True,年度排程软硬约束均通过
Q2V3_033_OPEN_GATEWAY,open_gateway,16,16,16,0,1,10,0,True,True,存在红色压力转场日
Q2V3_016_OPEN_GATEWAY,open_gateway,10,21,21,11,0,9,0,True,True,两年负担差异偏大
Q2V3_023_OPEN_GATEWAY,open_gateway,10,21,21,11,0,9,0,True,True,两年负担差异偏大
Q2V3_071_OPEN_GATEWAY,open_gateway,15,16,16,1,2,9,1,True,False,存在长转场导致的时间窗压力；存在红色压力转场日
Q2V3_055_OPEN_GATEWAY,open_gateway,13,19,19,6,1,10,0,True,True,存在红色压力转场日
Q2V3_075_OPEN_GATEWAY,open_gateway,13,18,18,5,0,9,0,True,True,年度排程软硬约束均通过
Q2V3_049_OPEN_GATEWAY,open_gateway,12,20,20,8,2,9,2,True,False,存在长转场导致的时间窗压力；存在红色压力转场日
Q2V3_059_OPEN_GATEWAY,open_gateway,16,16,16,0,2,9,1,True,False,存在长转场导致的时间窗压力；存在红色压力转场日
Q2V3_039_OPEN_GATEWAY,open_gateway,9,20,20,11,0,7,0,True,True,两年负担差异偏大
Q2V3_079_OPEN_GATEWAY,open_gateway,16,16,16,0,1,10,1,True,False,存在长转场导致的时间窗压力；存在红色压力转场日
Q2V3_027_OPEN_GATEWAY,open_gateway,15,14,15,1,0,8,0,True,True,年度排程软硬约束均通过
Q2V3_025_OPEN_GATEWAY,open_gateway,16,16,16,0,1,11,1,True,False,存在长转场导致的时间窗压力；存在红色压力转场日
Q2V3_021_OPEN_GATEWAY,open_gateway,16,16,16,0,1,9,1,True,False,存在长转场导致的时间窗压力；存在红色压力转场日
Q2V3_031_OPEN_GATEWAY,open_gateway,16,16,16,0,1,9,1,True,False,存在长转场导致的时间窗压力；存在红色压力转场日
Q2V3_029_OPEN_GATEWAY,open_gateway,16,16,16,0,1,9,1,True,False,存在长转场导致的时间窗压力；存在红色压力转场日
Q2V3_087_OPEN_GATEWAY,open_gateway,10,22,22,12,1,12,1,True,False,存在长转场导致的时间窗压力；存在红色压力转场日；两年负担差异偏大
Q2V3_081_OPEN_GATEWAY,open_gateway,11,21,21,10,1,11,0,True,True,存在红色压力转场日；两年负担差异偏大
Q2V3_057_OPEN_GATEWAY,open_gateway,14,17,17,3,1,8,0,True,True,存在红色压力转场日
Q2V3_051_OPEN_GATEWAY,open_gateway,16,16,16,0,1,10,1,True,False,存在长转场导致的时间窗压力；存在红色压力转场日
Q2V3_037_OPEN_GATEWAY,open_gateway,12,18,18,6,0,9,0,True,True,年度排程软硬约束均通过
Q2V3_089_OPEN_GATEWAY,open_gateway,16,17,17,1,1,11,1,True,False,存在长转场导致的时间窗压力；存在红色压力转场日
Q2V3_045_OPEN_GATEWAY,open_gateway,16,17,17,1,1,13,1,True,False,存在长转场导致的时间窗压力；存在红色压力转场日
Q2V3_035_OPEN_GATEWAY,open_gateway,13,20,20,7,2,11,1,True,False,存在长转场导致的时间窗压力；存在红色压力转场日
Q2V3_053_OPEN_GATEWAY,open_gateway,18,14,18,4,1,8,1,True,False,存在长转场导致的时间窗压力；存在红色压力转场日
Q2V3_065_OPEN_GATEWAY,open_gateway,20,15,20,5,3,12,1,True,False,存在长转场导致的时间窗压力；存在红色压力转场日
Q2V3_072_ROOTED_URUMQI,rooted_urumqi,12,19,19,7,1,12,0,True,True,存在红色压力转场日
Q2V3_054_ROOTED_URUMQI,rooted_urumqi,12,20,20,8,1,12,0,True,True,存在红色压力转场日
Q2V3_011_ROOTED_URUMQI,rooted_urumqi,17,16,17,1,1,13,0,True,True,存在红色压力转场日
Q2V3_062_ROOTED_URUMQI,rooted_urumqi,13,20,20,7,1,14,0,True,True,存在红色压力转场日
Q2V3_005_ROOTED_URUMQI,rooted_urumqi,17,16,17,1,1,14,0,True,True,存在红色压力转场日
Q2V3_074_ROOTED_URUMQI,rooted_urumqi,14,19,19,5,2,12,0,True,True,存在红色压力转场日
Q2V3_001_ROOTED_URUMQI,rooted_urumqi,16,16,16,0,1,12,1,True,False,存在长转场导致的时间窗压力；存在红色压力转场日
Q2V3_068_ROOTED_URUMQI,rooted_urumqi,16,15,16,1,1,9,0,True,True,存在红色压力转场日
Q2V3_040_ROOTED_URUMQI,rooted_urumqi,19,15,19,4,1,14,0,True,True,存在红色压力转场日
Q2V3_082_ROOTED_URUMQI,rooted_urumqi,14,19,19,5,1,12,0,True,True,存在红色压力转场日
Q2V3_020_ROOTED_URUMQI,rooted_urumqi,10,23,23,13,1,12,1,True,False,存在长转场导致的时间窗压力；存在红色压力转场日；两年负担差异偏大
Q2V3_022_ROOTED_URUMQI,rooted_urumqi,11,23,23,12,2,10,2,True,False,存在长转场导致的时间窗压力；存在红色压力转场日；两年负担差异偏大
Q2V3_013_ROOTED_URUMQI,rooted_urumqi,10,24,24,14,1,14,1,True,False,存在长转场导致的时间窗压力；存在红色压力转场日；两年负担差异偏大
Q2V3_015_ROOTED_URUMQI,rooted_urumqi,10,24,24,14,1,14,1,True,False,存在长转场导致的时间窗压力；存在红色压力转场日；两年负担差异偏大
Q2V3_046_ROOTED_URUMQI,rooted_urumqi,11,20,20,9,1,9,1,True,False,存在长转场导致的时间窗压力；存在红色压力转场日；两年负担差异偏大
Q2V3_019_ROOTED_URUMQI,rooted_urumqi,10,24,24,14,1,13,1,True,False,存在长转场导致的时间窗压力；存在红色压力转场日；两年负担差异偏大
Q2V3_060_ROOTED_URUMQI,rooted_urumqi,13,21,21,8,1,13,0,True,True,存在红色压力转场日
Q2V3_078_ROOTED_URUMQI,rooted_urumqi,12,19,19,7,1,9,1,True,False,存在长转场导致的时间窗压力；存在红色压力转场日
Q2V3_042_ROOTED_URUMQI,rooted_urumqi,16,16,16,0,2,10,0,True,True,存在红色压力转场日
Q2V3_066_ROOTED_URUMQI,rooted_urumqi,12,22,22,10,1,12,0,True,True,存在红色压力转场日；两年负担差异偏大
Q2V3_076_ROOTED_URUMQI,rooted_urumqi,14,20,20,6,2,14,0,True,True,存在红色压力转场日
Q2V3_038_ROOTED_URUMQI,rooted_urumqi,11,21,21,10,1,9,1,True,False,存在长转场导致的时间窗压力；存在红色压力转场日；两年负担差异偏大
Q2V3_080_ROOTED_URUMQI,rooted_urumqi,13,21,21,8,1,14,0,True,True,存在红色压力转场日
Q2V3_070_ROOTED_URUMQI,rooted_urumqi,17,17,17,0,2,10,2,True,False,存在长转场导致的时间窗压力；存在红色压力转场日
Q2V3_050_ROOTED_URUMQI,rooted_urumqi,18,17,18,1,2,10,2,True,False,存在长转场导致的时间窗压力；存在红色压力转场日
Q2V3_058_ROOTED_URUMQI,rooted_urumqi,18,17,18,1,2,11,2,True,False,存在长转场导致的时间窗压力；存在红色压力转场日
Q2V3_084_ROOTED_URUMQI,rooted_urumqi,18,17,18,1,2,12,2,True,False,存在长转场导致的时间窗压力；存在红色压力转场日
Q2V3_017_ROOTED_URUMQI,rooted_urumqi,12,23,23,11,2,12,2,True,False,存在长转场导致的时间窗压力；存在红色压力转场日；两年负担差异偏大
Q2V3_028_ROOTED_URUMQI,rooted_urumqi,16,19,19,3,1,13,1,True,False,存在长转场导致的时间窗压力；存在红色压力转场日
Q2V3_026_ROOTED_URUMQI,rooted_urumqi,17,18,18,1,1,13,1,True,False,存在长转场导致的时间窗压力；存在红色压力转场日
Q2V3_030_ROOTED_URUMQI,rooted_urumqi,17,18,18,1,2,12,2,True,False,存在长转场导致的时间窗压力；存在红色压力转场日
Q2V3_032_ROOTED_URUMQI,rooted_urumqi,16,18,18,2,1,12,1,True,False,存在长转场导致的时间窗压力；存在红色压力转场日
Q2V3_024_ROOTED_URUMQI,rooted_urumqi,17,18,18,1,2,12,2,True,False,存在长转场导致的时间窗压力；存在红色压力转场日
Q2V3_044_ROOTED_URUMQI,rooted_urumqi,18,17,18,1,2,13,2,True,False,存在长转场导致的时间窗压力；存在红色压力转场日
Q2V3_048_ROOTED_URUMQI,rooted_urumqi,17,18,18,1,2,13,2,True,False,存在长转场导致的时间窗压力；存在红色压力转场日
Q2V3_086_ROOTED_URUMQI,rooted_urumqi,12,21,21,9,1,10,1,True,False,存在长转场导致的时间窗压力；存在红色压力转场日；两年负担差异偏大
Q2V3_052_ROOTED_URUMQI,rooted_urumqi,19,14,19,5,1,11,1,True,False,存在长转场导致的时间窗压力；存在红色压力转场日
Q2V3_064_ROOTED_URUMQI,rooted_urumqi,20,15,20,5,2,11,2,True,False,存在长转场导致的时间窗压力；存在红色压力转场日
Q2V3_036_ROOTED_URUMQI,rooted_urumqi,15,18,18,3,1,10,1,True,False,存在长转场导致的时间窗压力；存在红色压力转场日
Q2V3_088_ROOTED_URUMQI,rooted_urumqi,14,20,20,6,3,12,1,True,False,存在长转场导致的时间窗压力；存在红色压力转场日
Q2V3_009_ROOTED_URUMQI,rooted_urumqi,21,14,21,7,2,10,2,True,False,存在长转场导致的时间窗压力；存在红色压力转场日
Q2V3_034_ROOTED_URUMQI,rooted_urumqi,15,21,21,6,4,14,2,True,False,存在长转场导致的时间窗压力；存在红色压力转场日
Q2V3_056_ROOTED_URUMQI,rooted_urumqi,17,19,19,2,4,13,2,True,False,存在长转场导致的时间窗压力；存在红色压力转场日
Q2V3_008_OPEN_GATEWAY,open_gateway,17,16,17,1,1,9,0,True,True,存在红色压力转场日
Q2V3_004_OPEN_GATEWAY,open_gateway,17,17,17,0,0,10,0,True,True,年度排程软硬约束均通过
Q2V3_003_ROOTED_URUMQI,rooted_urumqi,17,18,18,1,1,13,0,True,True,存在红色压力转场日
Q2V3_007_ROOTED_URUMQI,rooted_urumqi,17,18,18,1,1,13,0,True,True,存在红色压力转场日
